{
  "stickers" : [
    {
      "filename" : "baby-1.sticker"
    },
    {
      "filename" : "baby-2.sticker"
    },
    {
      "filename" : "baby-3.sticker"
    },
    {
      "filename" : "3oEduXdm2gjnrsJBOo.sticker"
    },
    {
      "filename" : "baby-4.sticker"
    },
    {
      "filename" : "baby-5.sticker"
    },
    {
      "filename" : "baby-6.sticker"
    },
    {
      "filename" : "baby-7.sticker"
    },
    {
      "filename" : "baby-8.sticker"
    },
    {
      "filename" : "baby-9.sticker"
    },
    {
      "filename" : "baby-10.sticker"
    },
    {
      "filename" : "baby-11.sticker"
    },
    {
      "filename" : "baby-12.sticker"
    },
    {
      "filename" : "Sticker.sticker"
    },
    {
      "filename" : "Sticker Sequence.stickersequence"
    }
  ],
  "info" : {
    "version" : 1,
    "author" : "xcode"
  },
  "properties" : {
    "grid-size" : "regular"
  }
}